<?xml version="1.0" encoding="UTF-8"?>
<GenRun Id="impl_1" LaunchPart="xczu7ev-ffvc1156-2-e" LaunchTime="1739930889">
  <File Type="ROUTE-PWR" Name="mac_top_wrap2_power_routed.rpt"/>
  <File Type="PA-TCL" Name="mac_top_wrap.tcl"/>
  <File Type="ROUTE-PWR-SUM" Name="mac_top_wrap2_power_summary_routed.pb"/>
  <File Type="REPORTS-TCL" Name="mac_top_wrap_reports.tcl"/>
  <File Type="BITSTR-MSK" Name="mac_top_wrap.msk"/>
  <File Type="ROUTE-CLK" Name="mac_top_wrap2_clock_utilization_routed.rpt"/>
  <File Type="RDI-RDI" Name="mac_top_wrap.vdi"/>
  <File Type="POSTROUTE-PHYSOPT-BUS-SKEW-PB" Name="mac_top_wrap2_bus_skew_postroute_physopted.pb"/>
  <File Type="BG-BIT" Name="mac_top_wrap.bit"/>
  <File Type="BG-DRC" Name="mac_top_wrap.drc"/>
  <File Type="BG-BGN" Name="mac_top_wrap.bgn"/>
  <File Type="BG-BIN" Name="mac_top_wrap.bin"/>
  <File Type="BITSTR-RBT" Name="mac_top_wrap.rbt"/>
  <File Type="BITSTR-NKY" Name="mac_top_wrap.nky"/>
  <File Type="BITSTR-BMM" Name="mac_top_wrap_bd.bmm"/>
  <File Type="BITSTR-MMI" Name="mac_top_wrap.mmi"/>
  <File Type="ROUTE-METHODOLOGY-DRC" Name="mac_top_wrap2_methodology_drc_routed.rpt"/>
  <File Type="BITSTR-SYSDEF" Name="mac_top_wrap.sysdef"/>
  <File Type="ROUTE-METHODOLOGY-DRC-PB" Name="mac_top_wrap2_methodology_drc_routed.pb"/>
  <File Type="BITSTR-LTX" Name="debug_nets.ltx"/>
  <File Type="BITSTR-LTX" Name="mac_top_wrap.ltx"/>
  <File Type="BOOT-PDI-FILE" Name="mac_top_wrap_boot.pdi"/>
  <File Type="WBT-USG" Name="usage_statistics_webtalk.html"/>
  <File Type="NPI_FILE" Name="mac_top_wrap.npi"/>
  <File Type="OPT-DRC" Name="mac_top_wrap2_drc_opted.rpt"/>
  <File Type="RBD_FILE" Name="mac_top_wrap.rbd"/>
  <File Type="OPT-HWDEF" Name="mac_top_wrap.hwdef"/>
  <File Type="PLACE-IO" Name="mac_top_wrap2_io_placed.rpt"/>
  <File Type="PLACE-UTIL" Name="mac_top_wrap2_utilization_placed.rpt"/>
  <File Type="PLACE-UTIL-PB" Name="mac_top_wrap2_utilization_placed.pb"/>
  <File Type="PLACE-CTRL" Name="mac_top_wrap2_control_sets_placed.rpt"/>
  <File Type="PLACE-PRE-SIMILARITY" Name="mac_top_wrap_incremental_reuse_pre_placed.rpt"/>
  <File Type="ROUTE-DRC" Name="mac_top_wrap2_drc_routed.rpt"/>
  <File Type="ROUTE-DRC-PB" Name="mac_top_wrap2_drc_routed.pb"/>
  <File Type="ROUTE-PWR-RPX" Name="mac_top_wrap2_power_routed.rpx"/>
  <File Type="ROUTE-STATUS" Name="mac_top_wrap2_route_status.rpt"/>
  <File Type="ROUTE-STATUS-PB" Name="mac_top_wrap2_route_status.pb"/>
  <File Type="ROUTE-DCP" Name="mac_top_wrap_routed.dcp"/>
  <File Type="ROUTE-ERROR-DCP" Name="mac_top_wrap_routed_error.dcp"/>
  <File Type="ROUTE-BLACKBOX-DCP" Name="mac_top_wrap_routed_bb.dcp"/>
  <File Type="ROUTE-TIMINGSUMMARY" Name="mac_top_wrap2_timing_summary_routed.rpt"/>
  <File Type="ROUTE-TIMING-PB" Name="mac_top_wrap_timing_summary_routed.pb"/>
  <File Type="ROUTE-TIMING-RPX" Name="mac_top_wrap2_timing_summary_routed.rpx"/>
  <File Type="ROUTE-SIMILARITY" Name="mac_top_wrap2_incremental_reuse_routed.rpt"/>
  <File Type="ROUTE-BUS-SKEW" Name="mac_top_wrap2_bus_skew_routed.rpt"/>
  <File Type="ROUTE-BUS-SKEW-PB" Name="mac_top_wrap2_bus_skew_routed.pb"/>
  <File Type="ROUTE-BUS-SKEW-RPX" Name="mac_top_wrap2_bus_skew_routed.rpx"/>
  <File Type="OPT-DCP" Name="mac_top_wrap_opt.dcp"/>
  <File Type="PLACE-DCP" Name="mac_top_wrap_placed.dcp"/>
  <File Type="PWROPT-DCP" Name="mac_top_wrap_pwropt.dcp"/>
  <File Type="POSTPLACE-PWROPT-DCP" Name="mac_top_wrap_postplace_pwropt.dcp"/>
  <File Type="PHYSOPT-DCP" Name="mac_top_wrap_physopt.dcp"/>
  <File Type="POSTROUTE-PHYSOPT-DCP" Name="mac_top_wrap_postroute_physopt.dcp"/>
  <File Type="POSTROUTE-PHYSOPT-BLACKBOX-DCP" Name="mac_top_wrap_postroute_physopt_bb.dcp"/>
  <File Type="POSTROUTE-PHYSOPT-TIMING" Name="mac_top_wrap2_timing_summary_postroute_physopted.rpt"/>
  <File Type="POSTROUTE-PHYSOPT-TIMING-PB" Name="mac_top_wrap2_timing_summary_postroute_physopted.pb"/>
  <File Type="POSTROUTE-PHYSOPT-TIMING-RPX" Name="mac_top_wrap2_timing_summary_postroute_physopted.rpx"/>
  <File Type="POSTROUTE-PHYSOPT-BUS-SKEW" Name="mac_top_wrap2_bus_skew_postroute_physopted.rpt"/>
  <File Type="POSTROUTE-PHYSOPT-BUS-SKEW-RPX" Name="mac_top_wrap2_bus_skew_postroute_physopted.rpx"/>
  <File Type="ROUTE-DRC-RPX" Name="mac_top_wrap2_drc_routed.rpx"/>
  <File Type="ROUTE-METHODOLOGY-DRC-RPX" Name="mac_top_wrap2_methodology_drc_routed.rpx"/>
  <File Type="PDI-FILE" Name="mac_top_wrap.pdi"/>
  <File Type="PL-PDI-FILE" Name="mac_top_wrap_pld.pdi"/>
  <File Type="RCFI_FILE" Name="mac_top_wrap.rcfi"/>
  <File Type="CFI_FILE" Name="mac_top_wrap.cfi"/>
  <File Type="RNPI_FILE" Name="mac_top_wrap.rnpi"/>
  <File Type="ROUTE-RQS" Name="mac_top_wrap_routed.rqs"/>
  <File Type="POSTROUTE-PHYSOPT-RQS" Name="mac_top_wrap_postroute_physopted.rqs"/>
  <File Type="ROUTE-RQS-RPT" Name="route_report_qor_suggestions_0.rpt"/>
  <File Type="POSTROUTE-PHYSOPT-RQS-RPT" Name="postroute_physopt_report_qor_suggestions_0.rpt"/>
  <FileSet Name="sources" Type="DesignSrcs" RelSrcDir="$PSRCDIR/sources_1" RelGenDir="$PGENDIR/sources_1">
    <Filter Type="Srcs"/>
    <File Path="$PPRDIR/../tc_clk_gating.v">
      <FileInfo>
        <Attr Name="UsedIn" Val="synthesis"/>
        <Attr Name="UsedIn" Val="implementation"/>
        <Attr Name="UsedIn" Val="simulation"/>
      </FileInfo>
    </File>
    <File Path="$PPRDIR/../hwpe_ctrl_interfaces.sv">
      <FileInfo>
        <Attr Name="UsedIn" Val="synthesis"/>
        <Attr Name="UsedIn" Val="implementation"/>
        <Attr Name="UsedIn" Val="simulation"/>
      </FileInfo>
    </File>
    <File Path="$PPRDIR/../hwpe_ctrl_package.sv">
      <FileInfo>
        <Attr Name="UsedIn" Val="synthesis"/>
        <Attr Name="UsedIn" Val="implementation"/>
        <Attr Name="UsedIn" Val="simulation"/>
      </FileInfo>
    </File>
    <File Path="$PPRDIR/../hwpe_ctrl_regfile.sv">
      <FileInfo>
        <Attr Name="UsedIn" Val="synthesis"/>
        <Attr Name="UsedIn" Val="implementation"/>
        <Attr Name="UsedIn" Val="simulation"/>
      </FileInfo>
    </File>
    <File Path="$PPRDIR/../hwpe_ctrl_regfile_latch.sv">
      <FileInfo>
        <Attr Name="UsedIn" Val="synthesis"/>
        <Attr Name="UsedIn" Val="implementation"/>
        <Attr Name="UsedIn" Val="simulation"/>
      </FileInfo>
    </File>
    <File Path="$PPRDIR/../hwpe_ctrl_regfile_latch_test_wrap.sv">
      <FileInfo>
        <Attr Name="UsedIn" Val="synthesis"/>
        <Attr Name="UsedIn" Val="implementation"/>
        <Attr Name="UsedIn" Val="simulation"/>
      </FileInfo>
    </File>
    <File Path="$PPRDIR/../hwpe_ctrl_slave.sv">
      <FileInfo>
        <Attr Name="UsedIn" Val="synthesis"/>
        <Attr Name="UsedIn" Val="implementation"/>
        <Attr Name="UsedIn" Val="simulation"/>
      </FileInfo>
    </File>
    <File Path="$PPRDIR/../hwpe_ctrl_uloop.sv">
      <FileInfo>
        <Attr Name="UsedIn" Val="synthesis"/>
        <Attr Name="UsedIn" Val="implementation"/>
        <Attr Name="UsedIn" Val="simulation"/>
      </FileInfo>
    </File>
    <File Path="$PPRDIR/../hwpe_stream_package.sv">
      <FileInfo>
        <Attr Name="UsedIn" Val="synthesis"/>
        <Attr Name="UsedIn" Val="implementation"/>
        <Attr Name="UsedIn" Val="simulation"/>
      </FileInfo>
    </File>
    <File Path="$PPRDIR/../hwpe_stream_addressgen.sv">
      <FileInfo>
        <Attr Name="UsedIn" Val="synthesis"/>
        <Attr Name="UsedIn" Val="implementation"/>
        <Attr Name="UsedIn" Val="simulation"/>
      </FileInfo>
    </File>
    <File Path="$PPRDIR/../hwpe_stream_assign.sv">
      <FileInfo>
        <Attr Name="UsedIn" Val="synthesis"/>
        <Attr Name="UsedIn" Val="implementation"/>
        <Attr Name="UsedIn" Val="simulation"/>
      </FileInfo>
    </File>
    <File Path="$PPRDIR/../hwpe_stream_fence.sv">
      <FileInfo>
        <Attr Name="UsedIn" Val="synthesis"/>
        <Attr Name="UsedIn" Val="implementation"/>
        <Attr Name="UsedIn" Val="simulation"/>
      </FileInfo>
    </File>
    <File Path="$PPRDIR/../hwpe_stream_fifo.sv">
      <FileInfo>
        <Attr Name="UsedIn" Val="synthesis"/>
        <Attr Name="UsedIn" Val="implementation"/>
        <Attr Name="UsedIn" Val="simulation"/>
      </FileInfo>
    </File>
    <File Path="$PPRDIR/../hwpe_stream_fifo_scm.sv">
      <FileInfo>
        <Attr Name="UsedIn" Val="synthesis"/>
        <Attr Name="UsedIn" Val="implementation"/>
        <Attr Name="UsedIn" Val="simulation"/>
      </FileInfo>
    </File>
    <File Path="$PPRDIR/../hwpe_stream_fifo_scm_test_wrap.sv">
      <FileInfo>
        <Attr Name="UsedIn" Val="synthesis"/>
        <Attr Name="UsedIn" Val="implementation"/>
        <Attr Name="UsedIn" Val="simulation"/>
      </FileInfo>
    </File>
    <File Path="$PPRDIR/../hwpe_stream_interfaces.sv">
      <FileInfo>
        <Attr Name="UsedIn" Val="synthesis"/>
        <Attr Name="UsedIn" Val="implementation"/>
        <Attr Name="UsedIn" Val="simulation"/>
      </FileInfo>
    </File>
    <File Path="$PPRDIR/../hwpe_stream_merge.sv">
      <FileInfo>
        <Attr Name="UsedIn" Val="synthesis"/>
        <Attr Name="UsedIn" Val="implementation"/>
        <Attr Name="UsedIn" Val="simulation"/>
      </FileInfo>
    </File>
    <File Path="$PPRDIR/../hwpe_stream_sink.sv">
      <FileInfo>
        <Attr Name="UsedIn" Val="synthesis"/>
        <Attr Name="UsedIn" Val="implementation"/>
        <Attr Name="UsedIn" Val="simulation"/>
      </FileInfo>
    </File>
    <File Path="$PPRDIR/../hwpe_stream_sink_realign.sv">
      <FileInfo>
        <Attr Name="UsedIn" Val="synthesis"/>
        <Attr Name="UsedIn" Val="implementation"/>
        <Attr Name="UsedIn" Val="simulation"/>
      </FileInfo>
    </File>
    <File Path="$PPRDIR/../hwpe_stream_source.sv">
      <FileInfo>
        <Attr Name="UsedIn" Val="synthesis"/>
        <Attr Name="UsedIn" Val="implementation"/>
        <Attr Name="UsedIn" Val="simulation"/>
      </FileInfo>
    </File>
    <File Path="$PPRDIR/../hwpe_stream_source_realign.sv">
      <FileInfo>
        <Attr Name="UsedIn" Val="synthesis"/>
        <Attr Name="UsedIn" Val="implementation"/>
        <Attr Name="UsedIn" Val="simulation"/>
      </FileInfo>
    </File>
    <File Path="$PPRDIR/../hwpe_stream_split.sv">
      <FileInfo>
        <Attr Name="UsedIn" Val="synthesis"/>
        <Attr Name="UsedIn" Val="implementation"/>
        <Attr Name="UsedIn" Val="simulation"/>
      </FileInfo>
    </File>
    <File Path="$PPRDIR/../hwpe_stream_tcdm_fifo_load.sv">
      <FileInfo>
        <Attr Name="UsedIn" Val="synthesis"/>
        <Attr Name="UsedIn" Val="implementation"/>
        <Attr Name="UsedIn" Val="simulation"/>
      </FileInfo>
    </File>
    <File Path="$PPRDIR/../hwpe_stream_tcdm_fifo_store.sv">
      <FileInfo>
        <Attr Name="UsedIn" Val="synthesis"/>
        <Attr Name="UsedIn" Val="implementation"/>
        <Attr Name="UsedIn" Val="simulation"/>
      </FileInfo>
    </File>
    <File Path="$PPRDIR/../mac_package.sv">
      <FileInfo>
        <Attr Name="UsedIn" Val="synthesis"/>
        <Attr Name="UsedIn" Val="implementation"/>
        <Attr Name="UsedIn" Val="simulation"/>
      </FileInfo>
    </File>
    <File Path="$PPRDIR/../mac_ctrl.sv">
      <FileInfo>
        <Attr Name="UsedIn" Val="synthesis"/>
        <Attr Name="UsedIn" Val="implementation"/>
        <Attr Name="UsedIn" Val="simulation"/>
      </FileInfo>
    </File>
    <File Path="$PPRDIR/../mac_engine.sv">
      <FileInfo>
        <Attr Name="UsedIn" Val="synthesis"/>
        <Attr Name="UsedIn" Val="implementation"/>
        <Attr Name="UsedIn" Val="simulation"/>
      </FileInfo>
    </File>
    <File Path="$PPRDIR/../mac_fsm.sv">
      <FileInfo>
        <Attr Name="UsedIn" Val="synthesis"/>
        <Attr Name="UsedIn" Val="implementation"/>
        <Attr Name="UsedIn" Val="simulation"/>
      </FileInfo>
    </File>
    <File Path="$PPRDIR/../mac_streamer.sv">
      <FileInfo>
        <Attr Name="UsedIn" Val="synthesis"/>
        <Attr Name="UsedIn" Val="implementation"/>
        <Attr Name="UsedIn" Val="simulation"/>
      </FileInfo>
    </File>
    <File Path="$PPRDIR/../mac_top.sv">
      <FileInfo>
        <Attr Name="UsedIn" Val="synthesis"/>
        <Attr Name="UsedIn" Val="implementation"/>
        <Attr Name="UsedIn" Val="simulation"/>
      </FileInfo>
    </File>
    <File Path="$PPRDIR/../mac_top_wrap.sv">
      <FileInfo>
        <Attr Name="UsedIn" Val="synthesis"/>
        <Attr Name="UsedIn" Val="implementation"/>
        <Attr Name="UsedIn" Val="simulation"/>
      </FileInfo>
    </File>
    <Config>
      <Option Name="DesignMode" Val="RTL"/>
      <Option Name="TopModule" Val="mac_top_wrap"/>
    </Config>
  </FileSet>
  <FileSet Name="constrs_in" Type="Constrs" RelSrcDir="$PSRCDIR/constrs_1" RelGenDir="$PGENDIR/constrs_1">
    <Filter Type="Constrs"/>
    <Config>
      <Option Name="ConstrsType" Val="XDC"/>
    </Config>
  </FileSet>
  <FileSet Name="utils" Type="Utils" RelSrcDir="$PSRCDIR/utils_1" RelGenDir="$PGENDIR/utils_1">
    <Filter Type="Utils"/>
    <Config>
      <Option Name="TopAutoSet" Val="TRUE"/>
    </Config>
  </FileSet>
  <Strategy Version="1" Minor="2">
    <StratHandle Name="Vivado Implementation Defaults" Flow="Vivado Implementation 2023"/>
    <Step Id="init_design"/>
    <Step Id="opt_design"/>
    <Step Id="power_opt_design"/>
    <Step Id="place_design"/>
    <Step Id="post_place_power_opt_design"/>
    <Step Id="phys_opt_design"/>
    <Step Id="route_design"/>
    <Step Id="post_route_phys_opt_design"/>
    <Step Id="write_bitstream"/>
    <Step Id="write_device_image"/>
  </Strategy>
</GenRun>
